News_ID,University,Date,Headline
1,Stanford,2019-01-01,Student union at Stanford raises awareness on mental health.
2,University of Toronto,2023-06-05,Survey at University of Toronto reveals high stress levels among students.
3,Oxford,2021-12-30,Oxford introduces mindfulness and relaxation programs.
4,University of Toronto,2022-11-27,Student union at University of Toronto raises awareness on mental health.
5,Stanford,2022-06-11,Stanford launches mental wellness week to support student wellbeing.
6,Tokyo University,2019-10-09,Counseling services expanded at Tokyo University amid rising demand.
7,Tokyo University,2021-09-09,Survey at Tokyo University reveals high stress levels among students.
8,University of Toronto,2021-06-30,Student union at University of Toronto raises awareness on mental health.
9,University of Toronto,2019-05-20,University of Toronto introduces mindfulness and relaxation programs.
10,Harvard,2022-06-30,Harvard launches mental wellness week to support student wellbeing.
11,Harvard,2020-09-06,Harvard launches mental wellness week to support student wellbeing.
12,Stanford,2023-08-27,Stanford launches mental wellness week to support student wellbeing.
13,University of Toronto,2023-03-30,Survey at University of Toronto reveals high stress levels among students.
14,Oxford,2022-09-16,Student union at Oxford raises awareness on mental health.
15,Kuwait University,2023-07-27,Survey at Kuwait University reveals high stress levels among students.
16,Stanford,2023-01-03,Stanford introduces mindfulness and relaxation programs.
17,Harvard,2020-04-21,Survey at Harvard reveals high stress levels among students.
18,Tokyo University,2023-01-13,Tokyo University introduces mindfulness and relaxation programs.
19,Harvard,2020-11-30,Survey at Harvard reveals high stress levels among students.
20,Stanford,2019-03-31,Counseling services expanded at Stanford amid rising demand.
21,Oxford,2022-02-13,Student union at Oxford raises awareness on mental health.
22,Harvard,2021-03-31,Counseling services expanded at Harvard amid rising demand.
23,Kuwait University,2019-02-14,Survey at Kuwait University reveals high stress levels among students.
24,Oxford,2020-07-24,Counseling services expanded at Oxford amid rising demand.
25,Tokyo University,2019-10-24,Counseling services expanded at Tokyo University amid rising demand.
26,Harvard,2022-06-16,Harvard launches mental wellness week to support student wellbeing.
27,Tokyo University,2020-10-13,Tokyo University launches mental wellness week to support student wellbeing.
28,Stanford,2022-11-28,Counseling services expanded at Stanford amid rising demand.
29,Oxford,2019-02-27,Student union at Oxford raises awareness on mental health.
30,Tokyo University,2021-04-03,Tokyo University launches mental wellness week to support student wellbeing.
31,Tokyo University,2023-03-28,Tokyo University introduces mindfulness and relaxation programs.
32,Kuwait University,2019-05-14,Student union at Kuwait University raises awareness on mental health.
33,Stanford,2022-12-04,Counseling services expanded at Stanford amid rising demand.
34,University of Toronto,2022-01-07,Student union at University of Toronto raises awareness on mental health.
35,University of Toronto,2022-07-15,University of Toronto launches mental wellness week to support student wellbeing.
36,University of Toronto,2022-01-13,University of Toronto launches mental wellness week to support student wellbeing.
37,Tokyo University,2021-08-03,Student union at Tokyo University raises awareness on mental health.
38,Stanford,2019-07-18,Counseling services expanded at Stanford amid rising demand.
39,Harvard,2021-06-25,Counseling services expanded at Harvard amid rising demand.
40,Tokyo University,2021-11-24,Tokyo University launches mental wellness week to support student wellbeing.
41,Stanford,2023-09-16,Counseling services expanded at Stanford amid rising demand.
42,University of Toronto,2020-01-14,University of Toronto introduces mindfulness and relaxation programs.
43,Kuwait University,2021-02-10,Counseling services expanded at Kuwait University amid rising demand.
44,University of Toronto,2021-05-14,Student union at University of Toronto raises awareness on mental health.
45,Kuwait University,2022-01-07,Student union at Kuwait University raises awareness on mental health.
46,Stanford,2022-12-02,Student union at Stanford raises awareness on mental health.
47,Tokyo University,2022-11-27,Student union at Tokyo University raises awareness on mental health.
48,University of Toronto,2021-06-20,Counseling services expanded at University of Toronto amid rising demand.
49,University of Toronto,2021-02-19,Student union at University of Toronto raises awareness on mental health.
50,Oxford,2022-11-11,Oxford launches mental wellness week to support student wellbeing.
51,Oxford,2020-11-27,Student union at Oxford raises awareness on mental health.
52,Oxford,2020-10-04,Oxford launches mental wellness week to support student wellbeing.
53,Harvard,2019-09-12,Student union at Harvard raises awareness on mental health.
54,Stanford,2023-01-19,Student union at Stanford raises awareness on mental health.
55,Kuwait University,2020-01-05,Kuwait University launches mental wellness week to support student wellbeing.
56,Kuwait University,2023-05-19,Kuwait University introduces mindfulness and relaxation programs.
57,Oxford,2020-05-19,Oxford introduces mindfulness and relaxation programs.
58,Kuwait University,2019-04-02,Counseling services expanded at Kuwait University amid rising demand.
59,Harvard,2019-05-25,Harvard introduces mindfulness and relaxation programs.
60,Harvard,2021-05-15,Harvard launches mental wellness week to support student wellbeing.
61,Stanford,2023-09-02,Student union at Stanford raises awareness on mental health.
62,University of Toronto,2023-03-22,Student union at University of Toronto raises awareness on mental health.
63,Tokyo University,2020-02-29,Tokyo University introduces mindfulness and relaxation programs.
64,Oxford,2020-05-24,Oxford introduces mindfulness and relaxation programs.
65,Kuwait University,2022-08-19,Survey at Kuwait University reveals high stress levels among students.
66,Harvard,2021-11-20,Student union at Harvard raises awareness on mental health.
67,Oxford,2020-11-02,Counseling services expanded at Oxford amid rising demand.
68,University of Toronto,2019-04-25,University of Toronto introduces mindfulness and relaxation programs.
69,Tokyo University,2019-01-16,Tokyo University launches mental wellness week to support student wellbeing.
70,Harvard,2022-05-01,Student union at Harvard raises awareness on mental health.
71,Oxford,2023-07-11,Survey at Oxford reveals high stress levels among students.
72,Oxford,2021-12-22,Student union at Oxford raises awareness on mental health.
73,Oxford,2020-01-02,Oxford launches mental wellness week to support student wellbeing.
74,Oxford,2021-02-09,Oxford introduces mindfulness and relaxation programs.
75,Kuwait University,2023-11-07,Counseling services expanded at Kuwait University amid rising demand.
76,Kuwait University,2023-10-31,Student union at Kuwait University raises awareness on mental health.
77,University of Toronto,2021-06-09,University of Toronto introduces mindfulness and relaxation programs.
78,Tokyo University,2021-04-20,Tokyo University launches mental wellness week to support student wellbeing.
79,Oxford,2023-06-05,Oxford introduces mindfulness and relaxation programs.
80,Oxford,2019-11-28,Oxford launches mental wellness week to support student wellbeing.
81,Oxford,2020-10-06,Oxford introduces mindfulness and relaxation programs.
82,Oxford,2021-09-30,Oxford introduces mindfulness and relaxation programs.
83,Oxford,2022-01-05,Oxford launches mental wellness week to support student wellbeing.
84,University of Toronto,2021-07-11,Counseling services expanded at University of Toronto amid rising demand.
85,Oxford,2020-03-28,Survey at Oxford reveals high stress levels among students.
86,University of Toronto,2023-07-08,Student union at University of Toronto raises awareness on mental health.
87,Harvard,2021-05-20,Survey at Harvard reveals high stress levels among students.
88,Stanford,2023-10-22,Counseling services expanded at Stanford amid rising demand.
89,Oxford,2023-06-25,Oxford introduces mindfulness and relaxation programs.
90,Tokyo University,2023-05-24,Survey at Tokyo University reveals high stress levels among students.
91,Kuwait University,2020-01-13,Kuwait University introduces mindfulness and relaxation programs.
92,Oxford,2022-12-05,Counseling services expanded at Oxford amid rising demand.
93,Harvard,2019-08-11,Harvard introduces mindfulness and relaxation programs.
94,Kuwait University,2020-11-15,Student union at Kuwait University raises awareness on mental health.
95,University of Toronto,2020-12-11,Survey at University of Toronto reveals high stress levels among students.
96,Harvard,2019-01-19,Harvard introduces mindfulness and relaxation programs.
97,Stanford,2023-10-19,Survey at Stanford reveals high stress levels among students.
98,Harvard,2019-12-25,Survey at Harvard reveals high stress levels among students.
99,Oxford,2020-01-06,Oxford introduces mindfulness and relaxation programs.
100,Tokyo University,2021-09-06,Tokyo University introduces mindfulness and relaxation programs.
101,Oxford,2021-04-01,Survey at Oxford reveals high stress levels among students.
102,Oxford,2022-06-09,Oxford launches mental wellness week to support student wellbeing.
103,Tokyo University,2019-02-26,Tokyo University launches mental wellness week to support student wellbeing.
104,Harvard,2019-12-29,Counseling services expanded at Harvard amid rising demand.
105,Kuwait University,2019-07-24,Kuwait University launches mental wellness week to support student wellbeing.
106,Oxford,2023-10-11,Student union at Oxford raises awareness on mental health.
107,Oxford,2021-12-28,Student union at Oxford raises awareness on mental health.
108,Kuwait University,2021-03-06,Kuwait University launches mental wellness week to support student wellbeing.
109,Harvard,2023-04-07,Student union at Harvard raises awareness on mental health.
110,Harvard,2019-08-10,Harvard introduces mindfulness and relaxation programs.
111,University of Toronto,2021-11-23,University of Toronto introduces mindfulness and relaxation programs.
112,Tokyo University,2022-12-27,Tokyo University introduces mindfulness and relaxation programs.
113,University of Toronto,2019-09-19,Survey at University of Toronto reveals high stress levels among students.
114,Harvard,2019-12-21,Student union at Harvard raises awareness on mental health.
115,University of Toronto,2021-01-03,University of Toronto introduces mindfulness and relaxation programs.
116,Harvard,2023-07-01,Counseling services expanded at Harvard amid rising demand.
117,Tokyo University,2019-10-04,Tokyo University introduces mindfulness and relaxation programs.
118,Oxford,2023-10-13,Survey at Oxford reveals high stress levels among students.
119,Kuwait University,2023-07-21,Kuwait University introduces mindfulness and relaxation programs.
120,Harvard,2019-10-29,Harvard launches mental wellness week to support student wellbeing.
121,Stanford,2019-04-20,Survey at Stanford reveals high stress levels among students.
122,University of Toronto,2020-05-29,Survey at University of Toronto reveals high stress levels among students.
123,Kuwait University,2023-04-05,Kuwait University introduces mindfulness and relaxation programs.
124,Oxford,2020-04-11,Oxford introduces mindfulness and relaxation programs.
125,Oxford,2022-11-27,Student union at Oxford raises awareness on mental health.
126,Kuwait University,2021-03-01,Student union at Kuwait University raises awareness on mental health.
127,Harvard,2021-08-02,Student union at Harvard raises awareness on mental health.
128,Oxford,2023-08-05,Survey at Oxford reveals high stress levels among students.
129,Oxford,2020-06-26,Student union at Oxford raises awareness on mental health.
130,Stanford,2020-09-26,Survey at Stanford reveals high stress levels among students.
131,Harvard,2022-10-07,Student union at Harvard raises awareness on mental health.
132,Kuwait University,2023-03-19,Survey at Kuwait University reveals high stress levels among students.
133,University of Toronto,2020-10-26,Counseling services expanded at University of Toronto amid rising demand.
134,Oxford,2023-06-21,Counseling services expanded at Oxford amid rising demand.
135,Harvard,2019-03-06,Harvard introduces mindfulness and relaxation programs.
136,Oxford,2020-09-17,Counseling services expanded at Oxford amid rising demand.
137,Oxford,2022-08-28,Oxford introduces mindfulness and relaxation programs.
138,Oxford,2023-02-24,Survey at Oxford reveals high stress levels among students.
139,Stanford,2023-09-28,Stanford launches mental wellness week to support student wellbeing.
140,Harvard,2019-10-14,Survey at Harvard reveals high stress levels among students.
141,Stanford,2022-12-31,Stanford introduces mindfulness and relaxation programs.
142,Oxford,2023-04-26,Student union at Oxford raises awareness on mental health.
143,University of Toronto,2023-04-17,University of Toronto introduces mindfulness and relaxation programs.
144,Kuwait University,2022-06-25,Kuwait University launches mental wellness week to support student wellbeing.
145,Tokyo University,2021-06-16,Tokyo University introduces mindfulness and relaxation programs.
146,Stanford,2020-05-12,Counseling services expanded at Stanford amid rising demand.
147,Kuwait University,2022-08-06,Survey at Kuwait University reveals high stress levels among students.
148,Tokyo University,2019-12-14,Tokyo University launches mental wellness week to support student wellbeing.
149,Stanford,2023-11-12,Student union at Stanford raises awareness on mental health.
150,University of Toronto,2021-02-16,Survey at University of Toronto reveals high stress levels among students.
151,Harvard,2021-08-30,Counseling services expanded at Harvard amid rising demand.
152,Kuwait University,2019-01-26,Student union at Kuwait University raises awareness on mental health.
153,Harvard,2023-06-29,Harvard launches mental wellness week to support student wellbeing.
154,University of Toronto,2023-05-25,University of Toronto introduces mindfulness and relaxation programs.
155,Stanford,2023-08-21,Stanford launches mental wellness week to support student wellbeing.
156,Oxford,2020-11-04,Survey at Oxford reveals high stress levels among students.
157,Harvard,2021-03-02,Student union at Harvard raises awareness on mental health.
158,Stanford,2020-10-27,Student union at Stanford raises awareness on mental health.
159,University of Toronto,2023-08-27,Survey at University of Toronto reveals high stress levels among students.
160,Oxford,2022-07-02,Survey at Oxford reveals high stress levels among students.
161,Oxford,2023-10-03,Survey at Oxford reveals high stress levels among students.
162,Oxford,2019-01-25,Oxford launches mental wellness week to support student wellbeing.
163,Kuwait University,2023-06-02,Kuwait University launches mental wellness week to support student wellbeing.
164,University of Toronto,2019-05-22,University of Toronto introduces mindfulness and relaxation programs.
165,Tokyo University,2021-08-29,Student union at Tokyo University raises awareness on mental health.
166,Oxford,2021-11-19,Oxford launches mental wellness week to support student wellbeing.
167,Tokyo University,2020-12-08,Survey at Tokyo University reveals high stress levels among students.
168,Oxford,2020-06-04,Counseling services expanded at Oxford amid rising demand.
169,Kuwait University,2021-01-06,Counseling services expanded at Kuwait University amid rising demand.
170,Oxford,2021-05-25,Oxford launches mental wellness week to support student wellbeing.
171,University of Toronto,2020-03-06,Student union at University of Toronto raises awareness on mental health.
172,Oxford,2022-11-10,Oxford launches mental wellness week to support student wellbeing.
173,Tokyo University,2022-05-19,Student union at Tokyo University raises awareness on mental health.
174,Stanford,2021-07-11,Student union at Stanford raises awareness on mental health.
175,Harvard,2019-02-01,Counseling services expanded at Harvard amid rising demand.
176,Stanford,2022-08-11,Student union at Stanford raises awareness on mental health.
177,Harvard,2019-10-29,Student union at Harvard raises awareness on mental health.
178,Tokyo University,2021-10-25,Student union at Tokyo University raises awareness on mental health.
179,Kuwait University,2020-06-07,Student union at Kuwait University raises awareness on mental health.
180,Kuwait University,2021-03-01,Student union at Kuwait University raises awareness on mental health.
181,University of Toronto,2022-04-01,University of Toronto introduces mindfulness and relaxation programs.
182,University of Toronto,2021-12-16,Student union at University of Toronto raises awareness on mental health.
183,Stanford,2023-04-15,Student union at Stanford raises awareness on mental health.
184,Harvard,2020-09-18,Counseling services expanded at Harvard amid rising demand.
185,Tokyo University,2022-03-31,Survey at Tokyo University reveals high stress levels among students.
186,Tokyo University,2019-08-03,Counseling services expanded at Tokyo University amid rising demand.
187,Tokyo University,2022-10-26,Survey at Tokyo University reveals high stress levels among students.
188,Oxford,2021-02-10,Survey at Oxford reveals high stress levels among students.
189,Harvard,2023-07-18,Harvard launches mental wellness week to support student wellbeing.
190,Kuwait University,2022-05-10,Student union at Kuwait University raises awareness on mental health.
191,Kuwait University,2021-02-19,Counseling services expanded at Kuwait University amid rising demand.
192,Stanford,2020-07-02,Survey at Stanford reveals high stress levels among students.
193,Stanford,2023-08-31,Student union at Stanford raises awareness on mental health.
194,Kuwait University,2020-04-08,Student union at Kuwait University raises awareness on mental health.
195,Tokyo University,2019-11-30,Student union at Tokyo University raises awareness on mental health.
196,Stanford,2020-05-02,Student union at Stanford raises awareness on mental health.
197,Harvard,2019-11-06,Harvard launches mental wellness week to support student wellbeing.
198,Kuwait University,2022-09-12,Student union at Kuwait University raises awareness on mental health.
199,Tokyo University,2019-03-03,Tokyo University introduces mindfulness and relaxation programs.
200,Stanford,2022-03-06,Survey at Stanford reveals high stress levels among students.
